CustomerID,CustomerName,Email,Location,SignupDate
CUST100,Barbara Flynn,jlutz@yahoo.com,Sharonhaven,10-01-2023
CUST101,Susan Diaz,bmueller@roberts.com,Port Ericmouth,14-09-2023
CUST102,Terry Green,blakethompson@price-young.com,East Shawn,20-09-2024
CUST103,Kimberly Garza,julie20@yahoo.com,North Williamtown,02-12-2022
CUST104,David Turner,rangelshannon@hotmail.com,South Staceymouth,07-05-2023
CUST105,Nicole Ramirez,james53@adams.info,Joshuamouth,04-06-2022
CUST106,Patrick Kelley,qwilliams@aguilar.com,Lake Amandaview,15-07-2024
CUST107,Robin Barnes,ureese@white-montgomery.com,Rogerfurt,03-09-2022
CUST108,Robin Beck,lori26@hotmail.com,Royland,27-01-2024
CUST109,Yolanda Smith,gramirez@yahoo.com,Villarrealchester,24-10-2022
CUST110,Reginald Ewing,aaron47@yahoo.com,Lake Josetown,14-04-2024
CUST111,Daniel Fernandez,jrobinson@potter.net,Nealberg,26-11-2022
CUST112,Isabella Mccall,davischristopher@perkins.info,East Michelle,08-02-2025
CUST113,Shawn Goodman,barnesholly@brown.com,North Taylor,23-12-2024
CUST114,Kristina Singleton,ksmith@yahoo.com,Port Cristianborough,15-06-2024
CUST115,Heather Day,melissa63@alexander.org,West Sara,25-10-2024
CUST116,Melinda Gibbs,ashleybrianna@ramirez.org,Saraport,01-11-2024
CUST117,Amanda Parker,michael56@hotmail.com,North Derek,17-10-2024
CUST118,Hannah Weber,tamara22@mahoney.com,Brandonhaven,03-12-2022
CUST119,Katie Wilkerson,jongallagher@jordan.com,Port Bradleybury,23-08-2022
CUST120,Shannon Greene,fcarpenter@hotmail.com,Port Thomas,30-08-2023
CUST121,Tanya Nelson,higginsanthony@carter.com,East Robert,17-09-2023
CUST122,Michael Kaiser,melissameyer@gmail.com,Kimtown,05-03-2025
CUST123,Erin Leonard,sallycervantes@mccoy-ingram.com,Johnsonstad,14-06-2024
CUST124,Michael Taylor,mollycochran@yahoo.com,Lake Gary,19-07-2024
CUST125,Lori Watson,kristina51@yahoo.com,New Kellyberg,11-02-2024
CUST126,Dr. Krista Lewis DDS,ywright@gmail.com,West Brittanybury,20-07-2024
CUST127,Marissa Morgan,vtanner@williams.biz,New Michaelfort,21-04-2025
CUST128,Meagan Padilla,jamesduncan@gmail.com,Port Justinport,15-10-2022
CUST129,Alexander Torres,dorozco@hudson.com,North Wayneview,28-08-2022
CUST130,Jesus Gordon,sglover@bell.org,Ericaborough,18-09-2023
CUST131,Timothy Wheeler,cherman@riley.com,North Carlaton,29-03-2023
CUST132,James Dodson,hollysandoval@garner.info,Christophertown,07-12-2023
CUST133,David Smith,loganhensley@mckinney.com,East Sabrina,23-09-2023
CUST134,Emily Weber,gmartin@gmail.com,West Anita,26-07-2023
CUST135,Travis Ritter,parrishjennifer@oliver-williams.net,Perkinsfort,01-10-2024
CUST136,Laura Johnson,ydouglas@gmail.com,Kylestad,05-05-2024
CUST137,Bradley Norton,deborahbraun@anderson.com,Port Anne,16-03-2023
CUST138,Karen Hudson,villavictoria@yahoo.com,New Kimberly,06-03-2024
CUST139,Jason Woodard,schmidtdebbie@lawrence.biz,New Rodneyfort,30-07-2022
CUST140,Molly Sandoval,martinezjohn@welch.net,North Emily,18-10-2024
CUST141,Kevin Phillips MD,chelsea94@oconnor-mueller.com,Morenoshire,28-04-2023
CUST142,Scott Warren,david30@garcia.com,West Sarah,18-10-2023
CUST143,Natalie Doyle,jessica90@hotmail.com,New Thomastown,20-10-2024
CUST144,Lee Acosta,faguirre@gmail.com,Vasquezside,08-09-2023
CUST145,Morgan Rodriguez,martinstacy@conner-armstrong.com,West Samanthaburgh,26-06-2023
CUST146,Mr. Joshua Owens,kaitlynpotter@yahoo.com,West Michelebury,04-02-2023
CUST147,Michael Long,qcline@gmail.com,Lake Michael,13-07-2023
CUST148,Matthew Ramirez,elliottjeffrey@yahoo.com,Andersontown,03-09-2024
CUST149,Ruben Gay,nscott@yahoo.com,Lake Natashahaven,30-01-2024
CUST150,Cheyenne Bell,joejames@thompson.com,East Kimberlyburgh,20-03-2023
CUST151,Kimberly Figueroa,michael85@cox-sims.biz,Donaldfurt,30-09-2022
CUST152,Lisa Taylor,carrillodenise@singleton.info,North Ricky,16-06-2022
CUST153,Susan Martinez,ferrellsamuel@gmail.com,Whitneychester,26-02-2025
CUST154,Christopher Taylor,christopher55@hernandez.com,Phyllisfort,01-04-2023
CUST155,David Brown,nwright@huerta-snyder.info,Aaronberg,08-05-2023
CUST156,Misty Santos,uedwards@russell.net,Mcfarlandburgh,06-06-2023
CUST157,Tammy Smith,elizabethallen@yahoo.com,Davidtown,10-05-2025
CUST158,Elizabeth White,kevin56@yahoo.com,Kennethshire,19-04-2025
CUST159,Kim Gibson,jasonrodgers@schaefer-kelley.com,Haleybury,09-07-2022
CUST160,Bryan Cohen,fraziersamuel@hotmail.com,East Amberstad,26-03-2023
CUST161,Theresa Collier,angela61@yahoo.com,Nicolestad,11-07-2023
CUST162,Rebecca Edwards,grossjulie@yahoo.com,West Alexisland,02-08-2022
CUST163,Kelsey Solomon,tanyadavis@williams.com,Corteztown,10-03-2023
CUST164,Brittany Daniels,basskeith@smith.com,Adamfort,09-12-2024
CUST165,Franklin Crawford,kristen96@gmail.com,Davidfurt,24-03-2024
CUST166,Lisa Sanchez,robinbaker@thomas.org,North Stephen,07-05-2023
CUST167,Latoya White,amy39@fry-nguyen.org,South Russell,24-07-2023
CUST168,Linda Massey,simssandra@gmail.com,Samanthaville,19-10-2024
CUST169,Cynthia Lawson,michellegarcia@hotmail.com,South Kathleen,12-03-2024
CUST170,Robin Duran,wbond@olson.net,Smithburgh,07-01-2023
CUST171,Zachary Banks,qquinn@holt.info,Rebeccaburgh,18-02-2023
CUST172,Latoya Hill,lindseykim@collins.com,New Ebonystad,31-07-2022
CUST173,Reginald Vasquez,harrisbrandon@yahoo.com,East Lindafurt,20-01-2024
CUST174,Pamela Hill,melissalong@fuller-rubio.com,Matabury,04-05-2025
CUST175,Lisa Wright,mooredawn@ortiz.com,East Andreaview,30-07-2022
CUST176,Anthony Johnson,michaelcross@gamble.com,West Brettport,04-10-2022
CUST177,Jessica Pope,adamreed@graham.com,Deckerfurt,26-06-2023
CUST178,Amy Mason,kelly39@hotmail.com,Garciaberg,15-03-2024
CUST179,Jeremy Hernandez,jasmine07@gallegos.com,Huffmanmouth,28-01-2025
CUST180,Victoria Daugherty,annamartinez@yahoo.com,Carterfort,21-09-2023
CUST181,Stephanie Simpson,forbesrachel@gmail.com,North Joe,23-01-2024
CUST182,Tyler Barrett,jacksonzachary@sanchez.com,Gregoryfurt,04-07-2024
CUST183,Cindy Hensley,morganbarry@moore.com,North Jessica,24-01-2024
CUST184,Cheryl Arellano,crawfordkatrina@clark-wheeler.com,New Brandonhaven,12-06-2022
CUST185,Donna Mcintosh,tyler11@hotmail.com,New Kimberly,15-07-2024
CUST186,Thomas Gray,ethan99@yahoo.com,New April,12-02-2025
CUST187,Steven Brown,maddenevelyn@gmail.com,South Frank,03-01-2025
CUST188,Elizabeth Alvarez,smithbenjamin@yahoo.com,Timothyton,01-07-2023
CUST189,Robert Strickland,cordovajames@pugh.org,Boonehaven,29-06-2024
CUST190,Suzanne Barnett,guerraphillip@harris.com,Priceview,23-03-2024
CUST191,Marissa Barnett,monique24@jacobs-li.com,Prestonshire,19-06-2023
CUST192,Jennifer Garcia,josephcannon@yahoo.com,North Sarahaven,23-03-2024
CUST193,Matthew Davis,kelly86@payne.biz,Port Cindy,16-11-2022
CUST194,Brian King,jacquelinewilliams@anderson.com,Rachelton,28-03-2025
CUST195,Scott Lopez,uglover@hotmail.com,Edwardsbury,28-08-2024
CUST196,Kelly Freeman,karentorres@gmail.com,New Loriberg,21-05-2023
CUST197,Dustin Gill,mgilmore@frost-johnson.com,Hornchester,24-09-2022
CUST198,Yvonne Davis,williamsgeorge@cole-aguirre.com,North Taylorbury,03-11-2024
CUST199,Anita Ruiz,lawrencekim@parker.com,Tylermouth,22-09-2023
